--
-- PostgreSQL database dump
--

-- Dumped from database version 16.4 (Ubuntu 16.4-1.pgdg22.04+1)
-- Dumped by pg_dump version 16.4 (Ubuntu 16.4-1.pgdg22.04+1)

SET statement_timeout = 0;
SET lock_timeout = 0;
SET idle_in_transaction_session_timeout = 0;
SET client_encoding = 'UTF8';
SET standard_conforming_strings = on;
SELECT pg_catalog.set_config('search_path', '', false);
SET check_function_bodies = false;
SET xmloption = content;
SET client_min_messages = warning;
SET row_security = off;

--
-- Name: postgis; Type: EXTENSION; Schema: -; Owner: -
--

CREATE EXTENSION IF NOT EXISTS postgis WITH SCHEMA public;


--
-- Name: EXTENSION postgis; Type: COMMENT; Schema: -; Owner: 
--

COMMENT ON EXTENSION postgis IS 'PostGIS geometry and geography spatial types and functions';


SET default_tablespace = '';

SET default_table_access_method = heap;

--
-- Name: auth_group; Type: TABLE; Schema: public; Owner: begati
--

CREATE TABLE public.auth_group (
    id integer NOT NULL,
    name character varying(150) NOT NULL
);


ALTER TABLE public.auth_group OWNER TO begati;

--
-- Name: auth_group_id_seq; Type: SEQUENCE; Schema: public; Owner: begati
--

ALTER TABLE public.auth_group ALTER COLUMN id ADD GENERATED BY DEFAULT AS IDENTITY (
    SEQUENCE NAME public.auth_group_id_seq
    START WITH 1
    INCREMENT BY 1
    NO MINVALUE
    NO MAXVALUE
    CACHE 1
);


--
-- Name: auth_group_permissions; Type: TABLE; Schema: public; Owner: begati
--

CREATE TABLE public.auth_group_permissions (
    id bigint NOT NULL,
    group_id integer NOT NULL,
    permission_id integer NOT NULL
);


ALTER TABLE public.auth_group_permissions OWNER TO begati;

--
-- Name: auth_group_permissions_id_seq; Type: SEQUENCE; Schema: public; Owner: begati
--

ALTER TABLE public.auth_group_permissions ALTER COLUMN id ADD GENERATED BY DEFAULT AS IDENTITY (
    SEQUENCE NAME public.auth_group_permissions_id_seq
    START WITH 1
    INCREMENT BY 1
    NO MINVALUE
    NO MAXVALUE
    CACHE 1
);


--
-- Name: auth_permission; Type: TABLE; Schema: public; Owner: begati
--

CREATE TABLE public.auth_permission (
    id integer NOT NULL,
    name character varying(255) NOT NULL,
    content_type_id integer NOT NULL,
    codename character varying(100) NOT NULL
);


ALTER TABLE public.auth_permission OWNER TO begati;

--
-- Name: auth_permission_id_seq; Type: SEQUENCE; Schema: public; Owner: begati
--

ALTER TABLE public.auth_permission ALTER COLUMN id ADD GENERATED BY DEFAULT AS IDENTITY (
    SEQUENCE NAME public.auth_permission_id_seq
    START WITH 1
    INCREMENT BY 1
    NO MINVALUE
    NO MAXVALUE
    CACHE 1
);


--
-- Name: customer_address; Type: TABLE; Schema: public; Owner: begati
--

CREATE TABLE public.customer_address (
    id bigint NOT NULL,
    country character varying(100) NOT NULL,
    state character varying(100) NOT NULL,
    city character varying(100) NOT NULL,
    street character varying(100) NOT NULL,
    zip_code character varying(10),
    type character varying(10) NOT NULL,
    phone_number character varying(15),
    customer_id bigint
);


ALTER TABLE public.customer_address OWNER TO begati;

--
-- Name: customer_address_id_seq; Type: SEQUENCE; Schema: public; Owner: begati
--

ALTER TABLE public.customer_address ALTER COLUMN id ADD GENERATED BY DEFAULT AS IDENTITY (
    SEQUENCE NAME public.customer_address_id_seq
    START WITH 1
    INCREMENT BY 1
    NO MINVALUE
    NO MAXVALUE
    CACHE 1
);


--
-- Name: customer_carddetails; Type: TABLE; Schema: public; Owner: begati
--

CREATE TABLE public.customer_carddetails (
    id bigint NOT NULL,
    card_number character varying(16) NOT NULL,
    expiry_month character varying(2) NOT NULL,
    expiry_year character varying(4) NOT NULL,
    cvv character varying(3) NOT NULL,
    name_on_card character varying(100) NOT NULL,
    zip_code character varying(10) NOT NULL,
    customer_id bigint NOT NULL
);


ALTER TABLE public.customer_carddetails OWNER TO begati;

--
-- Name: customer_carddetails_id_seq; Type: SEQUENCE; Schema: public; Owner: begati
--

ALTER TABLE public.customer_carddetails ALTER COLUMN id ADD GENERATED BY DEFAULT AS IDENTITY (
    SEQUENCE NAME public.customer_carddetails_id_seq
    START WITH 1
    INCREMENT BY 1
    NO MINVALUE
    NO MAXVALUE
    CACHE 1
);


--
-- Name: customer_cart; Type: TABLE; Schema: public; Owner: begati
--

CREATE TABLE public.customer_cart (
    id bigint NOT NULL,
    created_at timestamp with time zone NOT NULL,
    updated_at timestamp with time zone NOT NULL,
    status character varying(10) NOT NULL,
    user_id bigint
);


ALTER TABLE public.customer_cart OWNER TO begati;

--
-- Name: customer_cart_id_seq; Type: SEQUENCE; Schema: public; Owner: begati
--

ALTER TABLE public.customer_cart ALTER COLUMN id ADD GENERATED BY DEFAULT AS IDENTITY (
    SEQUENCE NAME public.customer_cart_id_seq
    START WITH 1
    INCREMENT BY 1
    NO MINVALUE
    NO MAXVALUE
    CACHE 1
);


--
-- Name: customer_cartitem; Type: TABLE; Schema: public; Owner: begati
--

CREATE TABLE public.customer_cartitem (
    id bigint NOT NULL,
    quantity integer NOT NULL,
    price numeric(10,2) NOT NULL,
    cart_id bigint,
    menu_item_id integer,
    CONSTRAINT customer_cartitem_quantity_check CHECK ((quantity >= 0))
);


ALTER TABLE public.customer_cartitem OWNER TO begati;

--
-- Name: customer_cartitem_id_seq; Type: SEQUENCE; Schema: public; Owner: begati
--

ALTER TABLE public.customer_cartitem ALTER COLUMN id ADD GENERATED BY DEFAULT AS IDENTITY (
    SEQUENCE NAME public.customer_cartitem_id_seq
    START WITH 1
    INCREMENT BY 1
    NO MINVALUE
    NO MAXVALUE
    CACHE 1
);


--
-- Name: delivery_delivery; Type: TABLE; Schema: public; Owner: begati
--

CREATE TABLE public.delivery_delivery (
    id bigint NOT NULL,
    status character varying(20) NOT NULL,
    accepted_at timestamp with time zone,
    delivered_at timestamp with time zone,
    order_id bigint NOT NULL,
    delivery_person_id bigint
);


ALTER TABLE public.delivery_delivery OWNER TO begati;

--
-- Name: delivery_delivery_id_seq; Type: SEQUENCE; Schema: public; Owner: begati
--

ALTER TABLE public.delivery_delivery ALTER COLUMN id ADD GENERATED BY DEFAULT AS IDENTITY (
    SEQUENCE NAME public.delivery_delivery_id_seq
    START WITH 1
    INCREMENT BY 1
    NO MINVALUE
    NO MAXVALUE
    CACHE 1
);


--
-- Name: delivery_deliveryperson; Type: TABLE; Schema: public; Owner: begati
--

CREATE TABLE public.delivery_deliveryperson (
    id bigint NOT NULL,
    phone_number character varying(15),
    vehicle_number character varying(20),
    is_available boolean NOT NULL,
    user_id bigint NOT NULL
);


ALTER TABLE public.delivery_deliveryperson OWNER TO begati;

--
-- Name: delivery_deliveryperson_id_seq; Type: SEQUENCE; Schema: public; Owner: begati
--

ALTER TABLE public.delivery_deliveryperson ALTER COLUMN id ADD GENERATED BY DEFAULT AS IDENTITY (
    SEQUENCE NAME public.delivery_deliveryperson_id_seq
    START WITH 1
    INCREMENT BY 1
    NO MINVALUE
    NO MAXVALUE
    CACHE 1
);


--
-- Name: django_admin_log; Type: TABLE; Schema: public; Owner: begati
--

CREATE TABLE public.django_admin_log (
    id integer NOT NULL,
    action_time timestamp with time zone NOT NULL,
    object_id text,
    object_repr character varying(200) NOT NULL,
    action_flag smallint NOT NULL,
    change_message text NOT NULL,
    content_type_id integer,
    user_id bigint NOT NULL,
    CONSTRAINT django_admin_log_action_flag_check CHECK ((action_flag >= 0))
);


ALTER TABLE public.django_admin_log OWNER TO begati;

--
-- Name: django_admin_log_id_seq; Type: SEQUENCE; Schema: public; Owner: begati
--

ALTER TABLE public.django_admin_log ALTER COLUMN id ADD GENERATED BY DEFAULT AS IDENTITY (
    SEQUENCE NAME public.django_admin_log_id_seq
    START WITH 1
    INCREMENT BY 1
    NO MINVALUE
    NO MAXVALUE
    CACHE 1
);


--
-- Name: django_content_type; Type: TABLE; Schema: public; Owner: begati
--

CREATE TABLE public.django_content_type (
    id integer NOT NULL,
    app_label character varying(100) NOT NULL,
    model character varying(100) NOT NULL
);


ALTER TABLE public.django_content_type OWNER TO begati;

--
-- Name: django_content_type_id_seq; Type: SEQUENCE; Schema: public; Owner: begati
--

ALTER TABLE public.django_content_type ALTER COLUMN id ADD GENERATED BY DEFAULT AS IDENTITY (
    SEQUENCE NAME public.django_content_type_id_seq
    START WITH 1
    INCREMENT BY 1
    NO MINVALUE
    NO MAXVALUE
    CACHE 1
);


--
-- Name: django_migrations; Type: TABLE; Schema: public; Owner: begati
--

CREATE TABLE public.django_migrations (
    id bigint NOT NULL,
    app character varying(255) NOT NULL,
    name character varying(255) NOT NULL,
    applied timestamp with time zone NOT NULL
);


ALTER TABLE public.django_migrations OWNER TO begati;

--
-- Name: django_migrations_id_seq; Type: SEQUENCE; Schema: public; Owner: begati
--

ALTER TABLE public.django_migrations ALTER COLUMN id ADD GENERATED BY DEFAULT AS IDENTITY (
    SEQUENCE NAME public.django_migrations_id_seq
    START WITH 1
    INCREMENT BY 1
    NO MINVALUE
    NO MAXVALUE
    CACHE 1
);


--
-- Name: django_session; Type: TABLE; Schema: public; Owner: begati
--

CREATE TABLE public.django_session (
    session_key character varying(40) NOT NULL,
    session_data text NOT NULL,
    expire_date timestamp with time zone NOT NULL
);


ALTER TABLE public.django_session OWNER TO begati;

--
-- Name: restaurant_category; Type: TABLE; Schema: public; Owner: begati
--

CREATE TABLE public.restaurant_category (
    id bigint NOT NULL,
    name character varying(100) NOT NULL,
    image character varying(100)
);


ALTER TABLE public.restaurant_category OWNER TO begati;

--
-- Name: restaurant_category_id_seq; Type: SEQUENCE; Schema: public; Owner: begati
--

ALTER TABLE public.restaurant_category ALTER COLUMN id ADD GENERATED BY DEFAULT AS IDENTITY (
    SEQUENCE NAME public.restaurant_category_id_seq
    START WITH 1
    INCREMENT BY 1
    NO MINVALUE
    NO MAXVALUE
    CACHE 1
);


--
-- Name: restaurant_menu; Type: TABLE; Schema: public; Owner: begati
--

CREATE TABLE public.restaurant_menu (
    id bigint NOT NULL,
    name character varying(100) NOT NULL,
    description text NOT NULL,
    restaurant_id bigint
);


ALTER TABLE public.restaurant_menu OWNER TO begati;

--
-- Name: restaurant_menu_id_seq; Type: SEQUENCE; Schema: public; Owner: begati
--

ALTER TABLE public.restaurant_menu ALTER COLUMN id ADD GENERATED BY DEFAULT AS IDENTITY (
    SEQUENCE NAME public.restaurant_menu_id_seq
    START WITH 1
    INCREMENT BY 1
    NO MINVALUE
    NO MAXVALUE
    CACHE 1
);


--
-- Name: restaurant_menuitem; Type: TABLE; Schema: public; Owner: begati
--

CREATE TABLE public.restaurant_menuitem (
    name character varying(100) NOT NULL,
    description text NOT NULL,
    price numeric(6,2) NOT NULL,
    image character varying(100) NOT NULL,
    is_available boolean NOT NULL,
    menu_item_id integer NOT NULL,
    preparation_time integer NOT NULL,
    menu_id bigint,
    restaurant_id bigint,
    primary_category_id bigint
);


ALTER TABLE public.restaurant_menuitem OWNER TO begati;

--
-- Name: restaurant_menuitem_category; Type: TABLE; Schema: public; Owner: begati
--

CREATE TABLE public.restaurant_menuitem_category (
    id bigint NOT NULL,
    menuitem_id integer NOT NULL,
    category_id bigint NOT NULL
);


ALTER TABLE public.restaurant_menuitem_category OWNER TO begati;

--
-- Name: restaurant_menuitem_category_id_seq; Type: SEQUENCE; Schema: public; Owner: begati
--

ALTER TABLE public.restaurant_menuitem_category ALTER COLUMN id ADD GENERATED BY DEFAULT AS IDENTITY (
    SEQUENCE NAME public.restaurant_menuitem_category_id_seq
    START WITH 1
    INCREMENT BY 1
    NO MINVALUE
    NO MAXVALUE
    CACHE 1
);


--
-- Name: restaurant_menuitem_menu_item_id_seq; Type: SEQUENCE; Schema: public; Owner: begati
--

ALTER TABLE public.restaurant_menuitem ALTER COLUMN menu_item_id ADD GENERATED BY DEFAULT AS IDENTITY (
    SEQUENCE NAME public.restaurant_menuitem_menu_item_id_seq
    START WITH 1
    INCREMENT BY 1
    NO MINVALUE
    NO MAXVALUE
    CACHE 1
);


--
-- Name: restaurant_order; Type: TABLE; Schema: public; Owner: begati
--

CREATE TABLE public.restaurant_order (
    id bigint NOT NULL,
    reference character varying(100),
    total numeric(6,2) NOT NULL,
    order_time timestamp with time zone NOT NULL,
    delivery_address character varying(100),
    is_visible_to_restaurant boolean NOT NULL,
    status character varying(50) NOT NULL,
    payment_method character varying(50) NOT NULL,
    payment_status boolean NOT NULL,
    restaurant_otp_code character varying(6),
    customer_otp_code character varying(6),
    delivery_person_id bigint,
    user_id bigint,
    restaurant_id bigint
);


ALTER TABLE public.restaurant_order OWNER TO begati;

--
-- Name: restaurant_order_id_seq; Type: SEQUENCE; Schema: public; Owner: begati
--

ALTER TABLE public.restaurant_order ALTER COLUMN id ADD GENERATED BY DEFAULT AS IDENTITY (
    SEQUENCE NAME public.restaurant_order_id_seq
    START WITH 1
    INCREMENT BY 1
    NO MINVALUE
    NO MAXVALUE
    CACHE 1
);


--
-- Name: restaurant_order_items; Type: TABLE; Schema: public; Owner: begati
--

CREATE TABLE public.restaurant_order_items (
    id bigint NOT NULL,
    order_id bigint NOT NULL,
    menuitem_id integer NOT NULL
);


ALTER TABLE public.restaurant_order_items OWNER TO begati;

--
-- Name: restaurant_order_items_id_seq; Type: SEQUENCE; Schema: public; Owner: begati
--

ALTER TABLE public.restaurant_order_items ALTER COLUMN id ADD GENERATED BY DEFAULT AS IDENTITY (
    SEQUENCE NAME public.restaurant_order_items_id_seq
    START WITH 1
    INCREMENT BY 1
    NO MINVALUE
    NO MAXVALUE
    CACHE 1
);


--
-- Name: restaurant_restaurant; Type: TABLE; Schema: public; Owner: begati
--

CREATE TABLE public.restaurant_restaurant (
    id bigint NOT NULL,
    name character varying(100) NOT NULL,
    description text NOT NULL,
    phone character varying(20) NOT NULL,
    image character varying(100),
    rating numeric(3,2) NOT NULL,
    delivery_time integer NOT NULL,
    is_open boolean NOT NULL,
    average_cost numeric(6,2) NOT NULL,
    owner_id bigint,
    address_id bigint
);


ALTER TABLE public.restaurant_restaurant OWNER TO begati;

--
-- Name: restaurant_restaurant_id_seq; Type: SEQUENCE; Schema: public; Owner: begati
--

ALTER TABLE public.restaurant_restaurant ALTER COLUMN id ADD GENERATED BY DEFAULT AS IDENTITY (
    SEQUENCE NAME public.restaurant_restaurant_id_seq
    START WITH 1
    INCREMENT BY 1
    NO MINVALUE
    NO MAXVALUE
    CACHE 1
);


--
-- Name: restaurant_restaurantaddress; Type: TABLE; Schema: public; Owner: begati
--

CREATE TABLE public.restaurant_restaurantaddress (
    id bigint NOT NULL,
    country character varying(100) NOT NULL,
    state character varying(100) NOT NULL,
    city character varying(100) NOT NULL,
    street character varying(100) NOT NULL,
    zip_code character varying(10),
    restaurant_related_id bigint
);


ALTER TABLE public.restaurant_restaurantaddress OWNER TO begati;

--
-- Name: restaurant_restaurantaddress_id_seq; Type: SEQUENCE; Schema: public; Owner: begati
--

ALTER TABLE public.restaurant_restaurantaddress ALTER COLUMN id ADD GENERATED BY DEFAULT AS IDENTITY (
    SEQUENCE NAME public.restaurant_restaurantaddress_id_seq
    START WITH 1
    INCREMENT BY 1
    NO MINVALUE
    NO MAXVALUE
    CACHE 1
);


--
-- Name: restaurant_restaurantanalysis; Type: TABLE; Schema: public; Owner: begati
--

CREATE TABLE public.restaurant_restaurantanalysis (
    id bigint NOT NULL,
    restaurant_id bigint NOT NULL
);


ALTER TABLE public.restaurant_restaurantanalysis OWNER TO begati;

--
-- Name: restaurant_restaurantanalysis_id_seq; Type: SEQUENCE; Schema: public; Owner: begati
--

ALTER TABLE public.restaurant_restaurantanalysis ALTER COLUMN id ADD GENERATED BY DEFAULT AS IDENTITY (
    SEQUENCE NAME public.restaurant_restaurantanalysis_id_seq
    START WITH 1
    INCREMENT BY 1
    NO MINVALUE
    NO MAXVALUE
    CACHE 1
);


--
-- Name: restaurant_review; Type: TABLE; Schema: public; Owner: begati
--

CREATE TABLE public.restaurant_review (
    id bigint NOT NULL,
    rating integer NOT NULL,
    comment text NOT NULL,
    date timestamp with time zone NOT NULL,
    restaurant_id bigint,
    user_id bigint
);


ALTER TABLE public.restaurant_review OWNER TO begati;

--
-- Name: restaurant_review_id_seq; Type: SEQUENCE; Schema: public; Owner: begati
--

ALTER TABLE public.restaurant_review ALTER COLUMN id ADD GENERATED BY DEFAULT AS IDENTITY (
    SEQUENCE NAME public.restaurant_review_id_seq
    START WITH 1
    INCREMENT BY 1
    NO MINVALUE
    NO MAXVALUE
    CACHE 1
);


--
-- Name: user_contact; Type: TABLE; Schema: public; Owner: begati
--

CREATE TABLE public.user_contact (
    id bigint NOT NULL,
    name character varying(100) NOT NULL,
    email character varying(254) NOT NULL,
    phone_number character varying(15) NOT NULL,
    message text NOT NULL
);


ALTER TABLE public.user_contact OWNER TO begati;

--
-- Name: user_contact_id_seq; Type: SEQUENCE; Schema: public; Owner: begati
--

ALTER TABLE public.user_contact ALTER COLUMN id ADD GENERATED BY DEFAULT AS IDENTITY (
    SEQUENCE NAME public.user_contact_id_seq
    START WITH 1
    INCREMENT BY 1
    NO MINVALUE
    NO MAXVALUE
    CACHE 1
);


--
-- Name: user_user; Type: TABLE; Schema: public; Owner: begati
--

CREATE TABLE public.user_user (
    id bigint NOT NULL,
    password character varying(128) NOT NULL,
    last_login timestamp with time zone,
    is_superuser boolean NOT NULL,
    email character varying(254) NOT NULL,
    first_name character varying(30) NOT NULL,
    last_name character varying(30) NOT NULL,
    is_active boolean NOT NULL,
    is_staff boolean NOT NULL,
    role character varying(15) NOT NULL,
    date_joined timestamp with time zone NOT NULL,
    phone_number character varying(15) NOT NULL
);


ALTER TABLE public.user_user OWNER TO begati;

--
-- Name: user_user_groups; Type: TABLE; Schema: public; Owner: begati
--

CREATE TABLE public.user_user_groups (
    id bigint NOT NULL,
    user_id bigint NOT NULL,
    group_id integer NOT NULL
);


ALTER TABLE public.user_user_groups OWNER TO begati;

--
-- Name: user_user_groups_id_seq; Type: SEQUENCE; Schema: public; Owner: begati
--

ALTER TABLE public.user_user_groups ALTER COLUMN id ADD GENERATED BY DEFAULT AS IDENTITY (
    SEQUENCE NAME public.user_user_groups_id_seq
    START WITH 1
    INCREMENT BY 1
    NO MINVALUE
    NO MAXVALUE
    CACHE 1
);


--
-- Name: user_user_id_seq; Type: SEQUENCE; Schema: public; Owner: begati
--

ALTER TABLE public.user_user ALTER COLUMN id ADD GENERATED BY DEFAULT AS IDENTITY (
    SEQUENCE NAME public.user_user_id_seq
    START WITH 1
    INCREMENT BY 1
    NO MINVALUE
    NO MAXVALUE
    CACHE 1
);


--
-- Name: user_user_user_permissions; Type: TABLE; Schema: public; Owner: begati
--

CREATE TABLE public.user_user_user_permissions (
    id bigint NOT NULL,
    user_id bigint NOT NULL,
    permission_id integer NOT NULL
);


ALTER TABLE public.user_user_user_permissions OWNER TO begati;

--
-- Name: user_user_user_permissions_id_seq; Type: SEQUENCE; Schema: public; Owner: begati
--

ALTER TABLE public.user_user_user_permissions ALTER COLUMN id ADD GENERATED BY DEFAULT AS IDENTITY (
    SEQUENCE NAME public.user_user_user_permissions_id_seq
    START WITH 1
    INCREMENT BY 1
    NO MINVALUE
    NO MAXVALUE
    CACHE 1
);


--
-- Data for Name: auth_group; Type: TABLE DATA; Schema: public; Owner: begati
--

COPY public.auth_group (id, name) FROM stdin;
\.


--
-- Data for Name: auth_group_permissions; Type: TABLE DATA; Schema: public; Owner: begati
--

COPY public.auth_group_permissions (id, group_id, permission_id) FROM stdin;
\.


--
-- Data for Name: auth_permission; Type: TABLE DATA; Schema: public; Owner: begati
--

COPY public.auth_permission (id, name, content_type_id, codename) FROM stdin;
1	Can add log entry	1	add_logentry
2	Can change log entry	1	change_logentry
3	Can delete log entry	1	delete_logentry
4	Can view log entry	1	view_logentry
5	Can add permission	2	add_permission
6	Can change permission	2	change_permission
7	Can delete permission	2	delete_permission
8	Can view permission	2	view_permission
9	Can add group	3	add_group
10	Can change group	3	change_group
11	Can delete group	3	delete_group
12	Can view group	3	view_group
13	Can add content type	4	add_contenttype
14	Can change content type	4	change_contenttype
15	Can delete content type	4	delete_contenttype
16	Can view content type	4	view_contenttype
17	Can add session	5	add_session
18	Can change session	5	change_session
19	Can delete session	5	delete_session
20	Can view session	5	view_session
21	Can add address	6	add_address
22	Can change address	6	change_address
23	Can delete address	6	delete_address
24	Can view address	6	view_address
25	Can add card details	7	add_carddetails
26	Can change card details	7	change_carddetails
27	Can delete card details	7	delete_carddetails
28	Can view card details	7	view_carddetails
29	Can add cart	8	add_cart
30	Can change cart	8	change_cart
31	Can delete cart	8	delete_cart
32	Can view cart	8	view_cart
33	Can add cart item	9	add_cartitem
34	Can change cart item	9	change_cartitem
35	Can delete cart item	9	delete_cartitem
36	Can view cart item	9	view_cartitem
37	Can add category	10	add_category
38	Can change category	10	change_category
39	Can delete category	10	delete_category
40	Can view category	10	view_category
41	Can add menu	11	add_menu
42	Can change menu	11	change_menu
43	Can delete menu	11	delete_menu
44	Can view menu	11	view_menu
45	Can add restaurant	12	add_restaurant
46	Can change restaurant	12	change_restaurant
47	Can delete restaurant	12	delete_restaurant
48	Can view restaurant	12	view_restaurant
49	Can add restaurant address	13	add_restaurantaddress
50	Can change restaurant address	13	change_restaurantaddress
51	Can delete restaurant address	13	delete_restaurantaddress
52	Can view restaurant address	13	view_restaurantaddress
53	Can add restaurant analysis	14	add_restaurantanalysis
54	Can change restaurant analysis	14	change_restaurantanalysis
55	Can delete restaurant analysis	14	delete_restaurantanalysis
56	Can view restaurant analysis	14	view_restaurantanalysis
57	Can add review	15	add_review
58	Can change review	15	change_review
59	Can delete review	15	delete_review
60	Can view review	15	view_review
61	Can add menu item	16	add_menuitem
62	Can change menu item	16	change_menuitem
63	Can delete menu item	16	delete_menuitem
64	Can view menu item	16	view_menuitem
65	Can add order	17	add_order
66	Can change order	17	change_order
67	Can delete order	17	delete_order
68	Can view order	17	view_order
69	Can add contact	18	add_contact
70	Can change contact	18	change_contact
71	Can delete contact	18	delete_contact
72	Can view contact	18	view_contact
73	Can add user	19	add_user
74	Can change user	19	change_user
75	Can delete user	19	delete_user
76	Can view user	19	view_user
77	Can add delivery	20	add_delivery
78	Can change delivery	20	change_delivery
79	Can delete delivery	20	delete_delivery
80	Can view delivery	20	view_delivery
81	Can add delivery person	21	add_deliveryperson
82	Can change delivery person	21	change_deliveryperson
83	Can delete delivery person	21	delete_deliveryperson
84	Can view delivery person	21	view_deliveryperson
\.


--
-- Data for Name: customer_address; Type: TABLE DATA; Schema: public; Owner: begati
--

COPY public.customer_address (id, country, state, city, street, zip_code, type, phone_number, customer_id) FROM stdin;
1	Nigeria	Gombe	Gombe	Zuma Royal Street	760001	Work	09048758164	1
2	Rwanda	Kigali	Kigali	Mukajagari	00000	Home	12345678	2
\.


--
-- Data for Name: customer_carddetails; Type: TABLE DATA; Schema: public; Owner: begati
--

COPY public.customer_carddetails (id, card_number, expiry_month, expiry_year, cvv, name_on_card, zip_code, customer_id) FROM stdin;
1	5531886652142950	09	2032	564	 	00000	1
\.


--
-- Data for Name: customer_cart; Type: TABLE DATA; Schema: public; Owner: begati
--

COPY public.customer_cart (id, created_at, updated_at, status, user_id) FROM stdin;
1	2024-09-17 22:46:24.400188+02	2024-09-17 22:46:24.400199+02	active	1
2	2024-09-17 23:03:41.293322+02	2024-09-17 23:03:41.293333+02	active	3
3	2024-09-18 00:17:28.286953+02	2024-09-18 00:17:28.286994+02	active	2
4	2024-09-19 14:08:27.28801+02	2024-09-19 14:08:27.288021+02	active	5
\.


--
-- Data for Name: customer_cartitem; Type: TABLE DATA; Schema: public; Owner: begati
--

COPY public.customer_cartitem (id, quantity, price, cart_id, menu_item_id) FROM stdin;
37	1	7.99	1	1
38	1	2.99	1	10
\.


--
-- Data for Name: delivery_delivery; Type: TABLE DATA; Schema: public; Owner: begati
--

COPY public.delivery_delivery (id, status, accepted_at, delivered_at, order_id, delivery_person_id) FROM stdin;
\.


--
-- Data for Name: delivery_deliveryperson; Type: TABLE DATA; Schema: public; Owner: begati
--

COPY public.delivery_deliveryperson (id, phone_number, vehicle_number, is_available, user_id) FROM stdin;
1	0791955885	2412	t	3
\.


--
-- Data for Name: django_admin_log; Type: TABLE DATA; Schema: public; Owner: begati
--

COPY public.django_admin_log (id, action_time, object_id, object_repr, action_flag, change_message, content_type_id, user_id) FROM stdin;
1	2024-09-17 22:50:53.235694+02	1	Chicken	1	[{"added": {}}]	10	1
2	2024-09-17 22:56:42.034748+02	2	Drinks	1	[{"added": {}}]	10	1
3	2024-09-17 22:57:06.22464+02	3	Rice	1	[{"added": {}}]	10	1
4	2024-09-17 22:57:27.331925+02	4	Curry	1	[{"added": {}}]	10	1
5	2024-09-17 22:57:33.139811+02	5	Biryani	1	[{"added": {}}]	10	1
6	2024-09-17 22:57:46.342485+02	6	Main meals	1	[{"added": {}}]	10	1
7	2024-09-17 23:33:36.849684+02	1	Delivery	1	[{"added": {}}]	21	1
8	2024-09-19 12:05:15.16427+02	7	Burgers	1	[{"added": {}}]	10	1
9	2024-09-19 12:46:48.610205+02	28	3 of Beef Pepper Soup at 12.49 each	3		9	1
10	2024-09-19 12:46:48.623516+02	27	1 of Rice, Beans and Stew at 13.99 each	3		9	1
11	2024-09-19 12:46:48.627053+02	26	2 of Yam and Egg Sauce at 10.49 each	3		9	1
12	2024-09-19 12:46:48.63045+02	25	4 of Soda at 1.99 each	3		9	1
13	2024-09-19 12:46:48.633515+02	24	4 of Danwake at 5.99 each	3		9	1
14	2024-09-19 12:46:48.636554+02	23	1 of Chicken Burger at 8.99 each	3		9	1
15	2024-09-19 12:46:48.640033+02	22	1 of Beef Burger at 7.99 each	3		9	1
16	2024-09-19 12:46:48.643123+02	21	2 of Chicken and Chips at 7.99 each	3		9	1
17	2024-09-19 14:13:37.199719+02	1	KFC's address	1	[{"added": {}}]	13	1
18	2024-09-19 14:13:49.245145+02	1	KFC	2	[{"changed": {"fields": ["Address"]}}]	12	1
19	2024-09-19 14:43:13.810657+02	7	Fried Rice	3		12	1
20	2024-09-19 14:43:13.823214+02	6	Sofabakeries	3		12	1
21	2024-09-19 14:43:13.82732+02	5	Sofabakeries	3		12	1
22	2024-09-19 14:43:13.831727+02	4	Sofabakeries	3		12	1
23	2024-09-19 14:53:26.188887+02	9	lastresto@gmail.com	3		19	1
24	2024-09-19 14:53:26.194892+02	8	testresto2@gmail.com	3		19	1
25	2024-09-19 14:53:26.199751+02	7	testresto@gmail.com	3		19	1
26	2024-09-19 14:53:26.204457+02	6	thisisanothertest@gmail.com	3		19	1
27	2024-09-19 14:54:03.890488+02	3	Unrelated address	3		13	1
28	2024-09-19 14:54:03.902885+02	2	Unrelated address	3		13	1
29	2024-09-19 14:54:26.093323+02	6	Badamasi's address	1	[{"added": {}}]	13	1
30	2024-09-19 14:54:44.733672+02	7	Jollof Kigali's address	1	[{"added": {}}]	13	1
31	2024-09-19 14:54:56.248488+02	2	Badamasi	2	[{"changed": {"fields": ["Address"]}}]	12	1
32	2024-09-19 14:55:00.075734+02	3	Jollof Kigali	2	[{"changed": {"fields": ["Address"]}}]	12	1
33	2024-09-19 15:05:55.374111+02	7	Burgers	2	[{"changed": {"fields": ["Image"]}}]	10	1
34	2024-09-19 15:06:01.289637+02	3	Rice	2	[{"changed": {"fields": ["Image"]}}]	10	1
35	2024-09-19 15:06:06.66523+02	5	Biryani	2	[]	10	1
36	2024-09-19 15:06:13.735277+02	5	Biryani	2	[{"changed": {"fields": ["Image"]}}]	10	1
37	2024-09-19 15:12:49.719636+02	4	Curry	2	[{"changed": {"fields": ["Image"]}}]	10	1
38	2024-09-19 15:13:09.887544+02	6	Main meals	2	[{"changed": {"fields": ["Image"]}}]	10	1
39	2024-09-19 15:13:40.918431+02	2	Drinks	2	[{"changed": {"fields": ["Image"]}}]	10	1
40	2024-09-19 15:15:44.112593+02	1	Chicken	2	[{"changed": {"fields": ["Image"]}}]	10	1
41	2024-09-19 22:37:18.13827+02	1	Chicken and Chips (KFC Menu)	2	[{"changed": {"fields": ["Category"]}}]	16	1
42	2024-09-19 23:00:09.802936+02	1	Chicken and Chips (KFC Menu)	2	[{"changed": {"fields": ["Category"]}}]	16	1
43	2024-09-19 23:38:54.672848+02	1	Chicken and Chips (KFC Menu)	2	[{"changed": {"fields": ["Primary category"]}}]	16	1
44	2024-09-19 23:41:08.842431+02	8	Beef	1	[{"added": {}}]	10	1
45	2024-09-19 23:41:48.479774+02	9	Fish	1	[{"added": {}}]	10	1
46	2024-09-20 18:51:01.375062+02	1	begati16@gmail.com	2	[{"changed": {"fields": ["password"]}}]	19	1
\.


--
-- Data for Name: django_content_type; Type: TABLE DATA; Schema: public; Owner: begati
--

COPY public.django_content_type (id, app_label, model) FROM stdin;
1	admin	logentry
2	auth	permission
3	auth	group
4	contenttypes	contenttype
5	sessions	session
6	customer	address
7	customer	carddetails
8	customer	cart
9	customer	cartitem
10	restaurant	category
11	restaurant	menu
12	restaurant	restaurant
13	restaurant	restaurantaddress
14	restaurant	restaurantanalysis
15	restaurant	review
16	restaurant	menuitem
17	restaurant	order
18	user	contact
19	user	user
20	delivery	delivery
21	delivery	deliveryperson
\.


--
-- Data for Name: django_migrations; Type: TABLE DATA; Schema: public; Owner: begati
--

COPY public.django_migrations (id, app, name, applied) FROM stdin;
1	contenttypes	0001_initial	2024-09-17 22:40:22.744615+02
2	contenttypes	0002_remove_content_type_name	2024-09-17 22:40:22.754018+02
3	auth	0001_initial	2024-09-17 22:40:22.854734+02
4	auth	0002_alter_permission_name_max_length	2024-09-17 22:40:22.874486+02
5	auth	0003_alter_user_email_max_length	2024-09-17 22:40:22.89321+02
6	auth	0004_alter_user_username_opts	2024-09-17 22:40:22.904845+02
7	auth	0005_alter_user_last_login_null	2024-09-17 22:40:22.913612+02
8	auth	0006_require_contenttypes_0002	2024-09-17 22:40:22.921215+02
9	auth	0007_alter_validators_add_error_messages	2024-09-17 22:40:22.928761+02
10	auth	0008_alter_user_username_max_length	2024-09-17 22:40:22.936413+02
11	auth	0009_alter_user_last_name_max_length	2024-09-17 22:40:22.94426+02
12	auth	0010_alter_group_name_max_length	2024-09-17 22:40:22.952095+02
13	auth	0011_update_proxy_permissions	2024-09-17 22:40:22.959138+02
14	auth	0012_alter_user_first_name_max_length	2024-09-17 22:40:22.965725+02
15	user	0001_initial	2024-09-17 22:40:23.085869+02
16	admin	0001_initial	2024-09-17 22:40:23.128925+02
17	admin	0002_logentry_remove_auto_add	2024-09-17 22:40:23.136864+02
18	admin	0003_logentry_add_action_flag_choices	2024-09-17 22:40:23.145737+02
19	delivery	0001_initial	2024-09-17 22:40:23.1751+02
20	restaurant	0001_initial	2024-09-17 22:40:23.374139+02
21	customer	0001_initial	2024-09-17 22:40:23.414103+02
22	customer	0002_initial	2024-09-17 22:40:23.495138+02
23	delivery	0002_initial	2024-09-17 22:40:23.52464+02
24	delivery	0003_initial	2024-09-17 22:40:23.592692+02
25	restaurant	0002_initial	2024-09-17 22:40:23.837504+02
26	sessions	0001_initial	2024-09-17 22:40:23.903063+02
27	restaurant	0003_category_image	2024-09-19 15:04:09.779599+02
28	restaurant	0004_remove_menuitem_category_menuitem_category	2024-09-19 22:35:29.594369+02
29	restaurant	0005_menuitem_primary_category	2024-09-19 23:38:11.014657+02
\.


--
-- Data for Name: django_session; Type: TABLE DATA; Schema: public; Owner: begati
--

COPY public.django_session (session_key, session_data, expire_date) FROM stdin;
bv80xsfair4jv8rua8e7ejs389ex5baz	.eJxVi0sOwjAMBe-SNaryqeOUJRLniOzYUSo-C0JXiLtDpS7a5byZ9zGZlnfLS9dXnsWcTTCn_cZUbvpcxYrDhn24Pmi-XzZ5eDTq7Z9HB8oTVgWfxAkFL2CFUavlhBCKJga1jHF0qBIjO0zFT5aoahit-f4AXRQyeQ:1sqfJb:jxt2I1zeQOjLKVwmYGidHCfBemppteSQvhYsit2BcCc	2024-10-01 23:00:51.496071+02
3prb8bsgz54l8mqi2rc88rvuomjmvo1d	.eJxVi0sOwjAMBe_iNapsqJWGJRLniJ4TR6n4LAhdIe4OlbqA5byZ96KE5dnS0v2R5kJH2tPudzPki99XseKwYR_ON8zX0yb_Hg29ffMg2WL0sURlYx8VKhKkYDKwqx0MrjFLrbkawyapWgJYTGtkBr0_ZTgzFw:1srFzu:2qB6ORbELrk7FkLoauVPZNRkZ4fufCN1TbGY-a8M3b0	2024-10-03 14:10:58.991224+02
5vr75k5ji21tba9devj1oktqiwlbg86f	.eJxVi0sOwjAMBe-SNaqc1E5alkicI7JjR6n4LAhdIe4OlbqA5byZ93KZ12fLa7dHXtQdnXeH3024XOy-iQ2HHftwvvFyPe3y79G4t2-upInCKFNhsQhYyQwraPACMqGi92ihUqRqMI8hGSVQhmgl8szFvT9cozKX:1srG4X:6e2v3uXRgw8hp2UW1t4xTVy0ZPgDgGk0VhzffjxeCoE	2024-10-03 14:15:45.36093+02
8r5ovis70jzazcbxdk2vkx4gxo8txdr5	.eJxVi0sOwjAMBe-SNaqc1E5alkicI7JjR6n4LAhdIe4OlbqA5byZ93KZ12fLa7dHXtQdnXeH3024XOy-iQ2HHftwvvFyPe3y79G4t2-upInCKFNhsQhYyQwraPACMqGi92ihUqRqMI8hGSVQhmgl8szFvT9cozKX:1srI96:VVldoqwYvvnTMk6sycX_5FJyD7Fj_gK2SjoLHSzMdqU	2024-10-03 16:28:36.009031+02
jhimme1f1ljwu51e8xaxrw9k53t3nhob	.eJxVi0sOgzAMBe-SdYVIY1Ony0o9R2THjoL6WTSwqrg7ILFolzPz3tclnqea5mafNKq7OnSnXyecH_bew47dga27v3h83o7496jc6jaPYF4hXETJqHBA5TBkJT0DiPQwoJH4ohp109x7RFIBjATFsmS3rGxEM0U:1srObg:V94sBCPWW4g77FSqrmg96pUErJDcsA2zA0suoQmqy-g	2024-10-03 23:22:32.598473+02
it3btgcrzo55yeojop2um5lgi14f1jjz	.eJxVizsOwjAQBe-yNYrwJ8amROIc1tv1Wo74FDipEHcnkVJAOW_evCljmVteur7yVOhMng6_G0Nu-tzEhsOOfbg-MN0vu_wrGnpb7xh9TcK2SNLK8IEVLCNMdF6jssCEAivOJwk2nuRY05o4Y1EcaqHPF5OQM7w:1srP7F:zBisD9YHYOlpn4KsPjAz1a9ntJrz4QHvFw0zZsHXowQ	2024-10-03 23:55:09.947726+02
q4j7oyiatdz6kclxw91spb76zmj8dkrc	.eJxVizkOwjAUBe_iGkVeYiefEolzWH-zHLEUmFSIuxNLKUg5b-Z9TMb1XfPa9JUXMWfjzOl_I-SbPrvoOOzYhusDl_tll4dHxVa3nGeSqGFWsYUAGWJin1Q8j5sIVEgCR3Q6AWhkQetHl4oN0KtC5vsDifEzlw:1srhcW:qXyRotUyWg_jm6AO-57k2aSWxfPRSOPbHETVDs-nCqw	2024-10-04 19:40:40.339076+02
\.


--
-- Data for Name: restaurant_category; Type: TABLE DATA; Schema: public; Owner: begati
--

COPY public.restaurant_category (id, name, image) FROM stdin;
7	Burgers	categories/burgers.jpeg
3	Rice	categories/rice.jpeg
5	Biryani	categories/biryani.jpg
4	Curry	categories/curry.webp
6	Main meals	categories/mainmeal.jpg
2	Drinks	categories/drinks.png
1	Chicken	categories/chicken.jpg
8	Beef	categories/Beef-loin.webp
9	Fish	categories/fish.webp
\.


--
-- Data for Name: restaurant_menu; Type: TABLE DATA; Schema: public; Owner: begati
--

COPY public.restaurant_menu (id, name, description, restaurant_id) FROM stdin;
1	KFC Menu		1
2	Badamasi Menu		2
3	Jollof Kigali Menu		3
\.


--
-- Data for Name: restaurant_menuitem; Type: TABLE DATA; Schema: public; Owner: begati
--

COPY public.restaurant_menuitem (name, description, price, image, is_available, menu_item_id, preparation_time, menu_id, restaurant_id, primary_category_id) FROM stdin;
Chicken and Chips	This is fried potatoes with chicken.	7.99	menu_items/chickandchips.png	t	1	30	1	1	1
Jollof Rice	This is Nigerian cooked Jollof Rice, with chicken salad	12.99	menu_items/jollof-rice.jpg	t	11	60	3	3	3
Fried Rice	This is Nigerian spicy fried rice with salad and chicken	15.99	menu_items/fried-rice.jpg	t	12	60	3	3	3
Beef Briyani	This is a very nice beef biryani	15.99	menu_items/Yummy-beef-Biryani-.webp	t	13	30	3	3	5
Soda	Select from our pool of soft drinks!	1.99	menu_items/soft-drinks_aXX5imn.png	t	15	30	3	3	2
Fish Biryani	This is a wonderful fish biryani served in a pot!	12.99	menu_items/Fish-Biryani-5.jpg	t	14	30	3	3	5
Danwake	This is bean cake with groundnut oil and dry pepper.. It is very nice!	5.99	menu_items/danwake.jpg	t	2	60	2	2	6
Yam and Egg Sauce	This is boiled yam with egg sauce	10.49	menu_items/yamandegg.jpg	t	4	30	2	2	6
Rice, Beans and Stew	This is boiled white rice and beans served with stew and any meat of your choice	13.99	menu_items/ricenstew.webp	t	6	60	2	2	6
Soda	You can select from the available sodas in the store!	1.99	menu_items/soft-drinks.png	t	5	10	2	2	2
Beef Pepper Soup	This is pepper soup done with beef meat and a lof pepper.	12.49	menu_items/peppersoup.jpg	t	3	30	2	2	8
Chicken Burger	This is burger prepared with chicken and chips at the side	8.99	menu_items/chicken_burger.webp	t	8	30	1	1	7
Small Beef Burger	This is the same beef burger with chips aside, but smaller!	4.99	menu_items/smallburger.webp	t	9	30	1	1	7
Soda	Select from the types of soda that you want	2.99	menu_items/soft-drinks_fcmMwa8.png	t	10	0	1	1	2
Beef Burger	This is burger prepared with chicken with chips at the side	7.99	menu_items/beefburger.jpg	t	7	30	1	1	7
\.


--
-- Data for Name: restaurant_menuitem_category; Type: TABLE DATA; Schema: public; Owner: begati
--

COPY public.restaurant_menuitem_category (id, menuitem_id, category_id) FROM stdin;
7	1	1
8	1	6
9	7	7
10	8	1
11	8	7
12	9	7
13	10	2
15	11	3
16	11	6
17	12	1
18	12	3
19	12	6
20	13	3
21	13	5
22	13	6
23	15	2
24	14	5
25	14	6
26	11	1
27	13	8
28	14	9
29	14	3
30	2	8
31	2	1
32	2	6
33	2	9
34	4	8
35	4	1
36	4	6
37	4	9
38	6	1
39	6	3
40	6	6
41	6	8
42	6	9
43	5	2
44	3	8
45	3	6
46	9	8
47	7	8
\.


--
-- Data for Name: restaurant_order; Type: TABLE DATA; Schema: public; Owner: begati
--

COPY public.restaurant_order (id, reference, total, order_time, delivery_address, is_visible_to_restaurant, status, payment_method, payment_status, restaurant_otp_code, customer_otp_code, delivery_person_id, user_id, restaurant_id) FROM stdin;
15	\N	28.46	2024-09-19 12:09:14.517734+02	Zuma Royal Street, Gombe, Gombe, Nigeria	t	Ready for Delivery	Card	t	959196	404158	\N	1	2
1	\N	7.99	2024-09-17 22:56:02.034765+02	Zuma Royal Street, Gombe, Gombe, Nigeria	t	Ready for Delivery	Card	t	460951	413023	1	1	1
18	\N	7.98	2024-09-19 12:50:05.184338+02	Zuma Royal Street, Gombe, Gombe, Nigeria	t	Pending	Card	t	671939	321753	\N	1	2
7	\N	7.99	2024-09-18 00:19:37.036749+02	Zuma Royal Street, Gombe, Gombe, Nigeria	t	Cancelled	Card	t	529961	800594	\N	1	1
11	\N	23.97	2024-09-18 00:29:03.151515+02	Zuma Royal Street, Gombe, Gombe, Nigeria	t	Pending	Card	t	843094	707306	\N	1	1
14	\N	10.98	2024-09-19 12:09:14.511159+02	Zuma Royal Street, Gombe, Gombe, Nigeria	t	Pending	Card	t	952707	455755	\N	1	1
2	\N	7.99	2024-09-17 22:58:16.632821+02	Zuma Royal Street, Gombe, Gombe, Nigeria	t	Accepted	Card	t	827793	569251	1	1	1
4	\N	7.99	2024-09-17 23:45:29.311958+02	Zuma Royal Street, Gombe, Gombe, Nigeria	t	Accepted	Card	t	974928	717978	1	1	1
5	\N	7.99	2024-09-18 00:01:04.287922+02	Zuma Royal Street, Gombe, Gombe, Nigeria	t	Accepted	Card	t	443301	386126	1	1	1
12	\N	15.98	2024-09-19 00:16:03.788119+02	Zuma Royal Street, Gombe, Gombe, Nigeria	t	Pending	Card	t	081294	389479	\N	1	1
3	\N	7.99	2024-09-17 23:01:34.740705+02	Zuma Royal Street, Gombe, Gombe, Nigeria	t	Accepted	Card	t	565948	936234	1	1	1
9	\N	7.99	2024-09-18 00:23:42.846505+02	Zuma Royal Street, Gombe, Gombe, Nigeria	t	Pending	Card	t	906766	156711	\N	1	1
22	\N	26.97	2024-09-19 23:49:47.012029+02	Zuma Royal Street, Gombe, Gombe, Nigeria	t	Pending	Card	t	983517	638544	\N	1	2
23	\N	38.95	2024-09-19 23:49:47.035831+02	Zuma Royal Street, Gombe, Gombe, Nigeria	t	Pending	Card	t	979275	331496	\N	1	1
24	\N	12.99	2024-09-19 23:49:47.037664+02	Zuma Royal Street, Gombe, Gombe, Nigeria	t	Pending	Card	t	708881	334193	\N	1	3
20	\N	26.97	2024-09-19 13:01:30.014976+02	Zuma Royal Street, Gombe, Gombe, Nigeria	t	Pending	Card	t	059736	034209	\N	1	2
6	\N	7.99	2024-09-18 00:07:23.68406+02	Zuma Royal Street, Gombe, Gombe, Nigeria	t	Pending	Card	t	367901	836909	\N	1	1
8	\N	7.99	2024-09-18 00:22:21.286885+02	Zuma Royal Street, Gombe, Gombe, Nigeria	t	Pending	Card	t	432527	383255	\N	1	1
10	\N	24.99	2024-09-18 00:26:41.421581+02	Zuma Royal Street, Gombe, Gombe, Nigeria	t	Pending	Card	t	187080	191206	\N	1	1
13	\N	15.98	2024-09-19 11:44:38.597823+02	Zuma Royal Street, Gombe, Gombe, Nigeria	t	Pending	Card	t	989801	610909	\N	1	1
16	\N	12.98	2024-09-19 12:17:52.459986+02	Zuma Royal Street, Gombe, Gombe, Nigeria	t	Pending	Card	t	539992	840548	\N	1	1
17	\N	35.47	2024-09-19 12:17:52.463603+02	Zuma Royal Street, Gombe, Gombe, Nigeria	t	Pending	Card	t	086164	251671	\N	1	2
19	\N	7.98	2024-09-19 12:54:46.283742+02	Zuma Royal Street, Gombe, Gombe, Nigeria	t	Pending	Card	t	805412	471139	\N	1	2
21	\N	26.97	2024-09-19 13:38:50.490971+02	Zuma Royal Street, Gombe, Gombe, Nigeria	t	Pending	Card	t	372585	587324	\N	1	2
\.


--
-- Data for Name: restaurant_order_items; Type: TABLE DATA; Schema: public; Owner: begati
--

COPY public.restaurant_order_items (id, order_id, menuitem_id) FROM stdin;
1	1	1
2	2	1
3	3	1
4	4	1
5	5	1
6	6	1
7	7	1
8	8	1
9	9	1
10	10	1
11	11	1
12	12	1
13	13	1
14	14	10
15	14	1
16	15	4
17	15	6
18	15	5
19	16	1
20	16	9
21	17	3
22	17	4
23	18	5
24	18	2
25	19	5
26	19	2
27	20	5
28	20	3
29	21	5
30	21	3
31	22	5
32	22	3
33	23	8
34	23	9
35	23	1
36	24	14
\.


--
-- Data for Name: restaurant_restaurant; Type: TABLE DATA; Schema: public; Owner: begati
--

COPY public.restaurant_restaurant (id, name, description, phone, image, rating, delivery_time, is_open, average_cost, owner_id, address_id) FROM stdin;
1	KFC	This is KFC. The best chicken and chips restaurant in the world	0791955885	restaurants/KFC_logo-image.svg_f9pvq5K.png	0.00	30	t	0.00	2	1
2	Badamasi	This is badamasi, we sell nigerian Northern food here in Kigali	09048758164	restaurants/45_food.jpg	0.00	30	t	0.00	4	6
3	Jollof Kigali	We serve Nigerian food here and it is the best that you can find in the city!!!	0791955885	restaurants/JollofKigali.jpeg	0.00	30	t	0.00	5	7
\.


--
-- Data for Name: restaurant_restaurantaddress; Type: TABLE DATA; Schema: public; Owner: begati
--

COPY public.restaurant_restaurantaddress (id, country, state, city, street, zip_code, restaurant_related_id) FROM stdin;
1	Rwanda	Gombe	Remera, Kigali	KG 8 Ave	760001	1
6	Rwanda	Jalingo	Kaduna	Jonas Street	760001	2
7	Rwanda	Lokoja	Kebbi	David Street	82934	3
\.


--
-- Data for Name: restaurant_restaurantanalysis; Type: TABLE DATA; Schema: public; Owner: begati
--

COPY public.restaurant_restaurantanalysis (id, restaurant_id) FROM stdin;
1	1
2	2
3	3
\.


--
-- Data for Name: restaurant_review; Type: TABLE DATA; Schema: public; Owner: begati
--

COPY public.restaurant_review (id, rating, comment, date, restaurant_id, user_id) FROM stdin;
\.


--
-- Data for Name: spatial_ref_sys; Type: TABLE DATA; Schema: public; Owner: begati
--

COPY public.spatial_ref_sys (srid, auth_name, auth_srid, srtext, proj4text) FROM stdin;
\.


--
-- Data for Name: user_contact; Type: TABLE DATA; Schema: public; Owner: begati
--

COPY public.user_contact (id, name, email, phone_number, message) FROM stdin;
\.


--
-- Data for Name: user_user; Type: TABLE DATA; Schema: public; Owner: begati
--

COPY public.user_user (id, password, last_login, is_superuser, email, first_name, last_name, is_active, is_staff, role, date_joined, phone_number) FROM stdin;
3	pbkdf2_sha256$720000$cxejfugZ7UYlm6GJBs80ge$mTRcDD4P792UEPnCpHthJcLnojjzty+542qmFiHdAMc=	2024-09-17 23:00:51.486936+02	f	deliveryperson@gmail.com	Delivery	Person	t	f	delivery_person	2024-09-17 23:00:51.082797+02	
1	pbkdf2_sha256$720000$Z8mysuSllB9FGYPPonJeYI$Sw/YkhISxxcxpBs6pZSZjmCqnGgMpZI22DAfltcfbPo=	2024-09-20 18:21:41.076788+02	t	begati16@gmail.com	Emmanuel Musa	Yakubu	t	t	customer	2024-09-17 22:45:52.274528+02	09048758164
2	pbkdf2_sha256$720000$ldEZE0mPP8KNh1y318nxVe$OjJ/txuRDAEAw1bhxTJMpIdkFjrOSLkKYJZiJxACWNE=	2024-09-19 14:10:58.984266+02	f	akfc161@gmail.com	Random	Restaurant	t	f	restaurant	2024-09-17 22:51:37.465675+02	
5	pbkdf2_sha256$720000$muRGRCH4iwM4UtAHLOuK0W$/EygWp9zbDxySAKDpuEdgQ4CL8eJATl4udFHrLjpfx0=	2024-09-19 23:22:32.591458+02	f	jollofkigali@gmail.com	Random	Restaurant 3	t	f	restaurant	2024-09-19 13:54:37.485499+02	
4	pbkdf2_sha256$720000$hBvmH0kpySv188A2WSqGuk$3wXXhxKIpOh2wpU4hwaxBKvj9n7FodQlu3jC/UzqpOE=	2024-09-19 23:55:09.941487+02	f	badamasi12@gmail.com	Random	Restaurant 2	t	f	restaurant	2024-09-19 11:47:40.816287+02	
\.


--
-- Data for Name: user_user_groups; Type: TABLE DATA; Schema: public; Owner: begati
--

COPY public.user_user_groups (id, user_id, group_id) FROM stdin;
\.


--
-- Data for Name: user_user_user_permissions; Type: TABLE DATA; Schema: public; Owner: begati
--

COPY public.user_user_user_permissions (id, user_id, permission_id) FROM stdin;
\.


--
-- Name: auth_group_id_seq; Type: SEQUENCE SET; Schema: public; Owner: begati
--

SELECT pg_catalog.setval('public.auth_group_id_seq', 1, false);


--
-- Name: auth_group_permissions_id_seq; Type: SEQUENCE SET; Schema: public; Owner: begati
--

SELECT pg_catalog.setval('public.auth_group_permissions_id_seq', 1, false);


--
-- Name: auth_permission_id_seq; Type: SEQUENCE SET; Schema: public; Owner: begati
--

SELECT pg_catalog.setval('public.auth_permission_id_seq', 84, true);


--
-- Name: customer_address_id_seq; Type: SEQUENCE SET; Schema: public; Owner: begati
--

SELECT pg_catalog.setval('public.customer_address_id_seq', 2, true);


--
-- Name: customer_carddetails_id_seq; Type: SEQUENCE SET; Schema: public; Owner: begati
--

SELECT pg_catalog.setval('public.customer_carddetails_id_seq', 1, true);


--
-- Name: customer_cart_id_seq; Type: SEQUENCE SET; Schema: public; Owner: begati
--

SELECT pg_catalog.setval('public.customer_cart_id_seq', 5, true);


--
-- Name: customer_cartitem_id_seq; Type: SEQUENCE SET; Schema: public; Owner: begati
--

SELECT pg_catalog.setval('public.customer_cartitem_id_seq', 38, true);


--
-- Name: delivery_delivery_id_seq; Type: SEQUENCE SET; Schema: public; Owner: begati
--

SELECT pg_catalog.setval('public.delivery_delivery_id_seq', 1, false);


--
-- Name: delivery_deliveryperson_id_seq; Type: SEQUENCE SET; Schema: public; Owner: begati
--

SELECT pg_catalog.setval('public.delivery_deliveryperson_id_seq', 1, true);


--
-- Name: django_admin_log_id_seq; Type: SEQUENCE SET; Schema: public; Owner: begati
--

SELECT pg_catalog.setval('public.django_admin_log_id_seq', 46, true);


--
-- Name: django_content_type_id_seq; Type: SEQUENCE SET; Schema: public; Owner: begati
--

SELECT pg_catalog.setval('public.django_content_type_id_seq', 21, true);


--
-- Name: django_migrations_id_seq; Type: SEQUENCE SET; Schema: public; Owner: begati
--

SELECT pg_catalog.setval('public.django_migrations_id_seq', 29, true);


--
-- Name: restaurant_category_id_seq; Type: SEQUENCE SET; Schema: public; Owner: begati
--

SELECT pg_catalog.setval('public.restaurant_category_id_seq', 9, true);


--
-- Name: restaurant_menu_id_seq; Type: SEQUENCE SET; Schema: public; Owner: begati
--

SELECT pg_catalog.setval('public.restaurant_menu_id_seq', 10, true);


--
-- Name: restaurant_menuitem_category_id_seq; Type: SEQUENCE SET; Schema: public; Owner: begati
--

SELECT pg_catalog.setval('public.restaurant_menuitem_category_id_seq', 47, true);


--
-- Name: restaurant_menuitem_menu_item_id_seq; Type: SEQUENCE SET; Schema: public; Owner: begati
--

SELECT pg_catalog.setval('public.restaurant_menuitem_menu_item_id_seq', 16, true);


--
-- Name: restaurant_order_id_seq; Type: SEQUENCE SET; Schema: public; Owner: begati
--

SELECT pg_catalog.setval('public.restaurant_order_id_seq', 24, true);


--
-- Name: restaurant_order_items_id_seq; Type: SEQUENCE SET; Schema: public; Owner: begati
--

SELECT pg_catalog.setval('public.restaurant_order_items_id_seq', 36, true);


--
-- Name: restaurant_restaurant_id_seq; Type: SEQUENCE SET; Schema: public; Owner: begati
--

SELECT pg_catalog.setval('public.restaurant_restaurant_id_seq', 10, true);


--
-- Name: restaurant_restaurantaddress_id_seq; Type: SEQUENCE SET; Schema: public; Owner: begati
--

SELECT pg_catalog.setval('public.restaurant_restaurantaddress_id_seq', 7, true);


--
-- Name: restaurant_restaurantanalysis_id_seq; Type: SEQUENCE SET; Schema: public; Owner: begati
--

SELECT pg_catalog.setval('public.restaurant_restaurantanalysis_id_seq', 6, true);


--
-- Name: restaurant_review_id_seq; Type: SEQUENCE SET; Schema: public; Owner: begati
--

SELECT pg_catalog.setval('public.restaurant_review_id_seq', 1, false);


--
-- Name: user_contact_id_seq; Type: SEQUENCE SET; Schema: public; Owner: begati
--

SELECT pg_catalog.setval('public.user_contact_id_seq', 1, false);


--
-- Name: user_user_groups_id_seq; Type: SEQUENCE SET; Schema: public; Owner: begati
--

SELECT pg_catalog.setval('public.user_user_groups_id_seq', 1, false);


--
-- Name: user_user_id_seq; Type: SEQUENCE SET; Schema: public; Owner: begati
--

SELECT pg_catalog.setval('public.user_user_id_seq', 9, true);


--
-- Name: user_user_user_permissions_id_seq; Type: SEQUENCE SET; Schema: public; Owner: begati
--

SELECT pg_catalog.setval('public.user_user_user_permissions_id_seq', 1, false);


--
-- Name: auth_group auth_group_name_key; Type: CONSTRAINT; Schema: public; Owner: begati
--

ALTER TABLE ONLY public.auth_group
    ADD CONSTRAINT auth_group_name_key UNIQUE (name);


--
-- Name: auth_group_permissions auth_group_permissions_group_id_permission_id_0cd325b0_uniq; Type: CONSTRAINT; Schema: public; Owner: begati
--

ALTER TABLE ONLY public.auth_group_permissions
    ADD CONSTRAINT auth_group_permissions_group_id_permission_id_0cd325b0_uniq UNIQUE (group_id, permission_id);


--
-- Name: auth_group_permissions auth_group_permissions_pkey; Type: CONSTRAINT; Schema: public; Owner: begati
--

ALTER TABLE ONLY public.auth_group_permissions
    ADD CONSTRAINT auth_group_permissions_pkey PRIMARY KEY (id);


--
-- Name: auth_group auth_group_pkey; Type: CONSTRAINT; Schema: public; Owner: begati
--

ALTER TABLE ONLY public.auth_group
    ADD CONSTRAINT auth_group_pkey PRIMARY KEY (id);


--
-- Name: auth_permission auth_permission_content_type_id_codename_01ab375a_uniq; Type: CONSTRAINT; Schema: public; Owner: begati
--

ALTER TABLE ONLY public.auth_permission
    ADD CONSTRAINT auth_permission_content_type_id_codename_01ab375a_uniq UNIQUE (content_type_id, codename);


--
-- Name: auth_permission auth_permission_pkey; Type: CONSTRAINT; Schema: public; Owner: begati
--

ALTER TABLE ONLY public.auth_permission
    ADD CONSTRAINT auth_permission_pkey PRIMARY KEY (id);


--
-- Name: customer_address customer_address_pkey; Type: CONSTRAINT; Schema: public; Owner: begati
--

ALTER TABLE ONLY public.customer_address
    ADD CONSTRAINT customer_address_pkey PRIMARY KEY (id);


--
-- Name: customer_carddetails customer_carddetails_pkey; Type: CONSTRAINT; Schema: public; Owner: begati
--

ALTER TABLE ONLY public.customer_carddetails
    ADD CONSTRAINT customer_carddetails_pkey PRIMARY KEY (id);


--
-- Name: customer_cart customer_cart_pkey; Type: CONSTRAINT; Schema: public; Owner: begati
--

ALTER TABLE ONLY public.customer_cart
    ADD CONSTRAINT customer_cart_pkey PRIMARY KEY (id);


--
-- Name: customer_cart customer_cart_user_id_key; Type: CONSTRAINT; Schema: public; Owner: begati
--

ALTER TABLE ONLY public.customer_cart
    ADD CONSTRAINT customer_cart_user_id_key UNIQUE (user_id);


--
-- Name: customer_cartitem customer_cartitem_pkey; Type: CONSTRAINT; Schema: public; Owner: begati
--

ALTER TABLE ONLY public.customer_cartitem
    ADD CONSTRAINT customer_cartitem_pkey PRIMARY KEY (id);


--
-- Name: delivery_delivery delivery_delivery_order_id_key; Type: CONSTRAINT; Schema: public; Owner: begati
--

ALTER TABLE ONLY public.delivery_delivery
    ADD CONSTRAINT delivery_delivery_order_id_key UNIQUE (order_id);


--
-- Name: delivery_delivery delivery_delivery_pkey; Type: CONSTRAINT; Schema: public; Owner: begati
--

ALTER TABLE ONLY public.delivery_delivery
    ADD CONSTRAINT delivery_delivery_pkey PRIMARY KEY (id);


--
-- Name: delivery_deliveryperson delivery_deliveryperson_pkey; Type: CONSTRAINT; Schema: public; Owner: begati
--

ALTER TABLE ONLY public.delivery_deliveryperson
    ADD CONSTRAINT delivery_deliveryperson_pkey PRIMARY KEY (id);


--
-- Name: delivery_deliveryperson delivery_deliveryperson_user_id_key; Type: CONSTRAINT; Schema: public; Owner: begati
--

ALTER TABLE ONLY public.delivery_deliveryperson
    ADD CONSTRAINT delivery_deliveryperson_user_id_key UNIQUE (user_id);


--
-- Name: django_admin_log django_admin_log_pkey; Type: CONSTRAINT; Schema: public; Owner: begati
--

ALTER TABLE ONLY public.django_admin_log
    ADD CONSTRAINT django_admin_log_pkey PRIMARY KEY (id);


--
-- Name: django_content_type django_content_type_app_label_model_76bd3d3b_uniq; Type: CONSTRAINT; Schema: public; Owner: begati
--

ALTER TABLE ONLY public.django_content_type
    ADD CONSTRAINT django_content_type_app_label_model_76bd3d3b_uniq UNIQUE (app_label, model);


--
-- Name: django_content_type django_content_type_pkey; Type: CONSTRAINT; Schema: public; Owner: begati
--

ALTER TABLE ONLY public.django_content_type
    ADD CONSTRAINT django_content_type_pkey PRIMARY KEY (id);


--
-- Name: django_migrations django_migrations_pkey; Type: CONSTRAINT; Schema: public; Owner: begati
--

ALTER TABLE ONLY public.django_migrations
    ADD CONSTRAINT django_migrations_pkey PRIMARY KEY (id);


--
-- Name: django_session django_session_pkey; Type: CONSTRAINT; Schema: public; Owner: begati
--

ALTER TABLE ONLY public.django_session
    ADD CONSTRAINT django_session_pkey PRIMARY KEY (session_key);


--
-- Name: restaurant_category restaurant_category_pkey; Type: CONSTRAINT; Schema: public; Owner: begati
--

ALTER TABLE ONLY public.restaurant_category
    ADD CONSTRAINT restaurant_category_pkey PRIMARY KEY (id);


--
-- Name: restaurant_menu restaurant_menu_pkey; Type: CONSTRAINT; Schema: public; Owner: begati
--

ALTER TABLE ONLY public.restaurant_menu
    ADD CONSTRAINT restaurant_menu_pkey PRIMARY KEY (id);


--
-- Name: restaurant_menuitem_category restaurant_menuitem_cate_menuitem_id_category_id_4f2675fa_uniq; Type: CONSTRAINT; Schema: public; Owner: begati
--

ALTER TABLE ONLY public.restaurant_menuitem_category
    ADD CONSTRAINT restaurant_menuitem_cate_menuitem_id_category_id_4f2675fa_uniq UNIQUE (menuitem_id, category_id);


--
-- Name: restaurant_menuitem_category restaurant_menuitem_category_pkey; Type: CONSTRAINT; Schema: public; Owner: begati
--

ALTER TABLE ONLY public.restaurant_menuitem_category
    ADD CONSTRAINT restaurant_menuitem_category_pkey PRIMARY KEY (id);


--
-- Name: restaurant_menuitem restaurant_menuitem_pkey; Type: CONSTRAINT; Schema: public; Owner: begati
--

ALTER TABLE ONLY public.restaurant_menuitem
    ADD CONSTRAINT restaurant_menuitem_pkey PRIMARY KEY (menu_item_id);


--
-- Name: restaurant_order_items restaurant_order_items_order_id_menuitem_id_0c68de80_uniq; Type: CONSTRAINT; Schema: public; Owner: begati
--

ALTER TABLE ONLY public.restaurant_order_items
    ADD CONSTRAINT restaurant_order_items_order_id_menuitem_id_0c68de80_uniq UNIQUE (order_id, menuitem_id);


--
-- Name: restaurant_order_items restaurant_order_items_pkey; Type: CONSTRAINT; Schema: public; Owner: begati
--

ALTER TABLE ONLY public.restaurant_order_items
    ADD CONSTRAINT restaurant_order_items_pkey PRIMARY KEY (id);


--
-- Name: restaurant_order restaurant_order_pkey; Type: CONSTRAINT; Schema: public; Owner: begati
--

ALTER TABLE ONLY public.restaurant_order
    ADD CONSTRAINT restaurant_order_pkey PRIMARY KEY (id);


--
-- Name: restaurant_order restaurant_order_reference_key; Type: CONSTRAINT; Schema: public; Owner: begati
--

ALTER TABLE ONLY public.restaurant_order
    ADD CONSTRAINT restaurant_order_reference_key UNIQUE (reference);


--
-- Name: restaurant_restaurant restaurant_restaurant_pkey; Type: CONSTRAINT; Schema: public; Owner: begati
--

ALTER TABLE ONLY public.restaurant_restaurant
    ADD CONSTRAINT restaurant_restaurant_pkey PRIMARY KEY (id);


--
-- Name: restaurant_restaurantaddress restaurant_restaurantaddress_pkey; Type: CONSTRAINT; Schema: public; Owner: begati
--

ALTER TABLE ONLY public.restaurant_restaurantaddress
    ADD CONSTRAINT restaurant_restaurantaddress_pkey PRIMARY KEY (id);


--
-- Name: restaurant_restaurantanalysis restaurant_restaurantanalysis_pkey; Type: CONSTRAINT; Schema: public; Owner: begati
--

ALTER TABLE ONLY public.restaurant_restaurantanalysis
    ADD CONSTRAINT restaurant_restaurantanalysis_pkey PRIMARY KEY (id);


--
-- Name: restaurant_restaurantanalysis restaurant_restaurantanalysis_restaurant_id_key; Type: CONSTRAINT; Schema: public; Owner: begati
--

ALTER TABLE ONLY public.restaurant_restaurantanalysis
    ADD CONSTRAINT restaurant_restaurantanalysis_restaurant_id_key UNIQUE (restaurant_id);


--
-- Name: restaurant_review restaurant_review_pkey; Type: CONSTRAINT; Schema: public; Owner: begati
--

ALTER TABLE ONLY public.restaurant_review
    ADD CONSTRAINT restaurant_review_pkey PRIMARY KEY (id);


--
-- Name: user_contact user_contact_pkey; Type: CONSTRAINT; Schema: public; Owner: begati
--

ALTER TABLE ONLY public.user_contact
    ADD CONSTRAINT user_contact_pkey PRIMARY KEY (id);


--
-- Name: user_user user_user_email_key; Type: CONSTRAINT; Schema: public; Owner: begati
--

ALTER TABLE ONLY public.user_user
    ADD CONSTRAINT user_user_email_key UNIQUE (email);


--
-- Name: user_user_groups user_user_groups_pkey; Type: CONSTRAINT; Schema: public; Owner: begati
--

ALTER TABLE ONLY public.user_user_groups
    ADD CONSTRAINT user_user_groups_pkey PRIMARY KEY (id);


--
-- Name: user_user_groups user_user_groups_user_id_group_id_bb60391f_uniq; Type: CONSTRAINT; Schema: public; Owner: begati
--

ALTER TABLE ONLY public.user_user_groups
    ADD CONSTRAINT user_user_groups_user_id_group_id_bb60391f_uniq UNIQUE (user_id, group_id);


--
-- Name: user_user user_user_pkey; Type: CONSTRAINT; Schema: public; Owner: begati
--

ALTER TABLE ONLY public.user_user
    ADD CONSTRAINT user_user_pkey PRIMARY KEY (id);


--
-- Name: user_user_user_permissions user_user_user_permissions_pkey; Type: CONSTRAINT; Schema: public; Owner: begati
--

ALTER TABLE ONLY public.user_user_user_permissions
    ADD CONSTRAINT user_user_user_permissions_pkey PRIMARY KEY (id);


--
-- Name: user_user_user_permissions user_user_user_permissions_user_id_permission_id_64f4d5b8_uniq; Type: CONSTRAINT; Schema: public; Owner: begati
--

ALTER TABLE ONLY public.user_user_user_permissions
    ADD CONSTRAINT user_user_user_permissions_user_id_permission_id_64f4d5b8_uniq UNIQUE (user_id, permission_id);


--
-- Name: auth_group_name_a6ea08ec_like; Type: INDEX; Schema: public; Owner: begati
--

CREATE INDEX auth_group_name_a6ea08ec_like ON public.auth_group USING btree (name varchar_pattern_ops);


--
-- Name: auth_group_permissions_group_id_b120cbf9; Type: INDEX; Schema: public; Owner: begati
--

CREATE INDEX auth_group_permissions_group_id_b120cbf9 ON public.auth_group_permissions USING btree (group_id);


--
-- Name: auth_group_permissions_permission_id_84c5c92e; Type: INDEX; Schema: public; Owner: begati
--

CREATE INDEX auth_group_permissions_permission_id_84c5c92e ON public.auth_group_permissions USING btree (permission_id);


--
-- Name: auth_permission_content_type_id_2f476e4b; Type: INDEX; Schema: public; Owner: begati
--

CREATE INDEX auth_permission_content_type_id_2f476e4b ON public.auth_permission USING btree (content_type_id);


--
-- Name: customer_address_customer_id_0bcda8c7; Type: INDEX; Schema: public; Owner: begati
--

CREATE INDEX customer_address_customer_id_0bcda8c7 ON public.customer_address USING btree (customer_id);


--
-- Name: customer_carddetails_customer_id_475d4048; Type: INDEX; Schema: public; Owner: begati
--

CREATE INDEX customer_carddetails_customer_id_475d4048 ON public.customer_carddetails USING btree (customer_id);


--
-- Name: customer_cartitem_cart_id_fbf9cbd1; Type: INDEX; Schema: public; Owner: begati
--

CREATE INDEX customer_cartitem_cart_id_fbf9cbd1 ON public.customer_cartitem USING btree (cart_id);


--
-- Name: customer_cartitem_menu_item_id_ff6f2e6c; Type: INDEX; Schema: public; Owner: begati
--

CREATE INDEX customer_cartitem_menu_item_id_ff6f2e6c ON public.customer_cartitem USING btree (menu_item_id);


--
-- Name: delivery_delivery_delivery_person_id_933d4643; Type: INDEX; Schema: public; Owner: begati
--

CREATE INDEX delivery_delivery_delivery_person_id_933d4643 ON public.delivery_delivery USING btree (delivery_person_id);


--
-- Name: django_admin_log_content_type_id_c4bce8eb; Type: INDEX; Schema: public; Owner: begati
--

CREATE INDEX django_admin_log_content_type_id_c4bce8eb ON public.django_admin_log USING btree (content_type_id);


--
-- Name: django_admin_log_user_id_c564eba6; Type: INDEX; Schema: public; Owner: begati
--

CREATE INDEX django_admin_log_user_id_c564eba6 ON public.django_admin_log USING btree (user_id);


--
-- Name: django_session_expire_date_a5c62663; Type: INDEX; Schema: public; Owner: begati
--

CREATE INDEX django_session_expire_date_a5c62663 ON public.django_session USING btree (expire_date);


--
-- Name: django_session_session_key_c0390e0f_like; Type: INDEX; Schema: public; Owner: begati
--

CREATE INDEX django_session_session_key_c0390e0f_like ON public.django_session USING btree (session_key varchar_pattern_ops);


--
-- Name: restaurant_menu_restaurant_id_af786758; Type: INDEX; Schema: public; Owner: begati
--

CREATE INDEX restaurant_menu_restaurant_id_af786758 ON public.restaurant_menu USING btree (restaurant_id);


--
-- Name: restaurant_menuitem_category_category_id_07cd3e6a; Type: INDEX; Schema: public; Owner: begati
--

CREATE INDEX restaurant_menuitem_category_category_id_07cd3e6a ON public.restaurant_menuitem_category USING btree (category_id);


--
-- Name: restaurant_menuitem_category_menuitem_id_d1ea45d0; Type: INDEX; Schema: public; Owner: begati
--

CREATE INDEX restaurant_menuitem_category_menuitem_id_d1ea45d0 ON public.restaurant_menuitem_category USING btree (menuitem_id);


--
-- Name: restaurant_menuitem_menu_id_94bfdfc4; Type: INDEX; Schema: public; Owner: begati
--

CREATE INDEX restaurant_menuitem_menu_id_94bfdfc4 ON public.restaurant_menuitem USING btree (menu_id);


--
-- Name: restaurant_menuitem_primary_category_id_408606da; Type: INDEX; Schema: public; Owner: begati
--

CREATE INDEX restaurant_menuitem_primary_category_id_408606da ON public.restaurant_menuitem USING btree (primary_category_id);


--
-- Name: restaurant_menuitem_restaurant_id_82a12fb5; Type: INDEX; Schema: public; Owner: begati
--

CREATE INDEX restaurant_menuitem_restaurant_id_82a12fb5 ON public.restaurant_menuitem USING btree (restaurant_id);


--
-- Name: restaurant_order_delivery_person_id_69d3ae8b; Type: INDEX; Schema: public; Owner: begati
--

CREATE INDEX restaurant_order_delivery_person_id_69d3ae8b ON public.restaurant_order USING btree (delivery_person_id);


--
-- Name: restaurant_order_items_menuitem_id_cb3a21a0; Type: INDEX; Schema: public; Owner: begati
--

CREATE INDEX restaurant_order_items_menuitem_id_cb3a21a0 ON public.restaurant_order_items USING btree (menuitem_id);


--
-- Name: restaurant_order_items_order_id_793d45fe; Type: INDEX; Schema: public; Owner: begati
--

CREATE INDEX restaurant_order_items_order_id_793d45fe ON public.restaurant_order_items USING btree (order_id);


--
-- Name: restaurant_order_reference_21d70c9c_like; Type: INDEX; Schema: public; Owner: begati
--

CREATE INDEX restaurant_order_reference_21d70c9c_like ON public.restaurant_order USING btree (reference varchar_pattern_ops);


--
-- Name: restaurant_order_restaurant_id_4bd20e00; Type: INDEX; Schema: public; Owner: begati
--

CREATE INDEX restaurant_order_restaurant_id_4bd20e00 ON public.restaurant_order USING btree (restaurant_id);


--
-- Name: restaurant_order_user_id_7ea310d4; Type: INDEX; Schema: public; Owner: begati
--

CREATE INDEX restaurant_order_user_id_7ea310d4 ON public.restaurant_order USING btree (user_id);


--
-- Name: restaurant_restaurant_address_id_874b3688; Type: INDEX; Schema: public; Owner: begati
--

CREATE INDEX restaurant_restaurant_address_id_874b3688 ON public.restaurant_restaurant USING btree (address_id);


--
-- Name: restaurant_restaurant_owner_id_353b5692; Type: INDEX; Schema: public; Owner: begati
--

CREATE INDEX restaurant_restaurant_owner_id_353b5692 ON public.restaurant_restaurant USING btree (owner_id);


--
-- Name: restaurant_restaurantaddress_restaurant_related_id_d643f3d2; Type: INDEX; Schema: public; Owner: begati
--

CREATE INDEX restaurant_restaurantaddress_restaurant_related_id_d643f3d2 ON public.restaurant_restaurantaddress USING btree (restaurant_related_id);


--
-- Name: restaurant_review_restaurant_id_17f6ac65; Type: INDEX; Schema: public; Owner: begati
--

CREATE INDEX restaurant_review_restaurant_id_17f6ac65 ON public.restaurant_review USING btree (restaurant_id);


--
-- Name: restaurant_review_user_id_3b4142be; Type: INDEX; Schema: public; Owner: begati
--

CREATE INDEX restaurant_review_user_id_3b4142be ON public.restaurant_review USING btree (user_id);


--
-- Name: user_user_email_1c6f3d1a_like; Type: INDEX; Schema: public; Owner: begati
--

CREATE INDEX user_user_email_1c6f3d1a_like ON public.user_user USING btree (email varchar_pattern_ops);


--
-- Name: user_user_groups_group_id_c57f13c0; Type: INDEX; Schema: public; Owner: begati
--

CREATE INDEX user_user_groups_group_id_c57f13c0 ON public.user_user_groups USING btree (group_id);


--
-- Name: user_user_groups_user_id_13f9a20d; Type: INDEX; Schema: public; Owner: begati
--

CREATE INDEX user_user_groups_user_id_13f9a20d ON public.user_user_groups USING btree (user_id);


--
-- Name: user_user_user_permissions_permission_id_ce49d4de; Type: INDEX; Schema: public; Owner: begati
--

CREATE INDEX user_user_user_permissions_permission_id_ce49d4de ON public.user_user_user_permissions USING btree (permission_id);


--
-- Name: user_user_user_permissions_user_id_31782f58; Type: INDEX; Schema: public; Owner: begati
--

CREATE INDEX user_user_user_permissions_user_id_31782f58 ON public.user_user_user_permissions USING btree (user_id);


--
-- Name: auth_group_permissions auth_group_permissio_permission_id_84c5c92e_fk_auth_perm; Type: FK CONSTRAINT; Schema: public; Owner: begati
--

ALTER TABLE ONLY public.auth_group_permissions
    ADD CONSTRAINT auth_group_permissio_permission_id_84c5c92e_fk_auth_perm FOREIGN KEY (permission_id) REFERENCES public.auth_permission(id) DEFERRABLE INITIALLY DEFERRED;


--
-- Name: auth_group_permissions auth_group_permissions_group_id_b120cbf9_fk_auth_group_id; Type: FK CONSTRAINT; Schema: public; Owner: begati
--

ALTER TABLE ONLY public.auth_group_permissions
    ADD CONSTRAINT auth_group_permissions_group_id_b120cbf9_fk_auth_group_id FOREIGN KEY (group_id) REFERENCES public.auth_group(id) DEFERRABLE INITIALLY DEFERRED;


--
-- Name: auth_permission auth_permission_content_type_id_2f476e4b_fk_django_co; Type: FK CONSTRAINT; Schema: public; Owner: begati
--

ALTER TABLE ONLY public.auth_permission
    ADD CONSTRAINT auth_permission_content_type_id_2f476e4b_fk_django_co FOREIGN KEY (content_type_id) REFERENCES public.django_content_type(id) DEFERRABLE INITIALLY DEFERRED;


--
-- Name: customer_address customer_address_customer_id_0bcda8c7_fk_user_user_id; Type: FK CONSTRAINT; Schema: public; Owner: begati
--

ALTER TABLE ONLY public.customer_address
    ADD CONSTRAINT customer_address_customer_id_0bcda8c7_fk_user_user_id FOREIGN KEY (customer_id) REFERENCES public.user_user(id) DEFERRABLE INITIALLY DEFERRED;


--
-- Name: customer_carddetails customer_carddetails_customer_id_475d4048_fk_user_user_id; Type: FK CONSTRAINT; Schema: public; Owner: begati
--

ALTER TABLE ONLY public.customer_carddetails
    ADD CONSTRAINT customer_carddetails_customer_id_475d4048_fk_user_user_id FOREIGN KEY (customer_id) REFERENCES public.user_user(id) DEFERRABLE INITIALLY DEFERRED;


--
-- Name: customer_cart customer_cart_user_id_90818a33_fk_user_user_id; Type: FK CONSTRAINT; Schema: public; Owner: begati
--

ALTER TABLE ONLY public.customer_cart
    ADD CONSTRAINT customer_cart_user_id_90818a33_fk_user_user_id FOREIGN KEY (user_id) REFERENCES public.user_user(id) DEFERRABLE INITIALLY DEFERRED;


--
-- Name: customer_cartitem customer_cartitem_cart_id_fbf9cbd1_fk_customer_cart_id; Type: FK CONSTRAINT; Schema: public; Owner: begati
--

ALTER TABLE ONLY public.customer_cartitem
    ADD CONSTRAINT customer_cartitem_cart_id_fbf9cbd1_fk_customer_cart_id FOREIGN KEY (cart_id) REFERENCES public.customer_cart(id) DEFERRABLE INITIALLY DEFERRED;


--
-- Name: customer_cartitem customer_cartitem_menu_item_id_ff6f2e6c_fk_restauran; Type: FK CONSTRAINT; Schema: public; Owner: begati
--

ALTER TABLE ONLY public.customer_cartitem
    ADD CONSTRAINT customer_cartitem_menu_item_id_ff6f2e6c_fk_restauran FOREIGN KEY (menu_item_id) REFERENCES public.restaurant_menuitem(menu_item_id) DEFERRABLE INITIALLY DEFERRED;


--
-- Name: delivery_delivery delivery_delivery_delivery_person_id_933d4643_fk_delivery_; Type: FK CONSTRAINT; Schema: public; Owner: begati
--

ALTER TABLE ONLY public.delivery_delivery
    ADD CONSTRAINT delivery_delivery_delivery_person_id_933d4643_fk_delivery_ FOREIGN KEY (delivery_person_id) REFERENCES public.delivery_deliveryperson(id) DEFERRABLE INITIALLY DEFERRED;


--
-- Name: delivery_delivery delivery_delivery_order_id_8307ff51_fk_restaurant_order_id; Type: FK CONSTRAINT; Schema: public; Owner: begati
--

ALTER TABLE ONLY public.delivery_delivery
    ADD CONSTRAINT delivery_delivery_order_id_8307ff51_fk_restaurant_order_id FOREIGN KEY (order_id) REFERENCES public.restaurant_order(id) DEFERRABLE INITIALLY DEFERRED;


--
-- Name: delivery_deliveryperson delivery_deliveryperson_user_id_0b535fb9_fk_user_user_id; Type: FK CONSTRAINT; Schema: public; Owner: begati
--

ALTER TABLE ONLY public.delivery_deliveryperson
    ADD CONSTRAINT delivery_deliveryperson_user_id_0b535fb9_fk_user_user_id FOREIGN KEY (user_id) REFERENCES public.user_user(id) DEFERRABLE INITIALLY DEFERRED;


--
-- Name: django_admin_log django_admin_log_content_type_id_c4bce8eb_fk_django_co; Type: FK CONSTRAINT; Schema: public; Owner: begati
--

ALTER TABLE ONLY public.django_admin_log
    ADD CONSTRAINT django_admin_log_content_type_id_c4bce8eb_fk_django_co FOREIGN KEY (content_type_id) REFERENCES public.django_content_type(id) DEFERRABLE INITIALLY DEFERRED;


--
-- Name: django_admin_log django_admin_log_user_id_c564eba6_fk_user_user_id; Type: FK CONSTRAINT; Schema: public; Owner: begati
--

ALTER TABLE ONLY public.django_admin_log
    ADD CONSTRAINT django_admin_log_user_id_c564eba6_fk_user_user_id FOREIGN KEY (user_id) REFERENCES public.user_user(id) DEFERRABLE INITIALLY DEFERRED;


--
-- Name: restaurant_menu restaurant_menu_restaurant_id_af786758_fk_restauran; Type: FK CONSTRAINT; Schema: public; Owner: begati
--

ALTER TABLE ONLY public.restaurant_menu
    ADD CONSTRAINT restaurant_menu_restaurant_id_af786758_fk_restauran FOREIGN KEY (restaurant_id) REFERENCES public.restaurant_restaurant(id) DEFERRABLE INITIALLY DEFERRED;


--
-- Name: restaurant_menuitem_category restaurant_menuitem__category_id_07cd3e6a_fk_restauran; Type: FK CONSTRAINT; Schema: public; Owner: begati
--

ALTER TABLE ONLY public.restaurant_menuitem_category
    ADD CONSTRAINT restaurant_menuitem__category_id_07cd3e6a_fk_restauran FOREIGN KEY (category_id) REFERENCES public.restaurant_category(id) DEFERRABLE INITIALLY DEFERRED;


--
-- Name: restaurant_menuitem_category restaurant_menuitem__menuitem_id_d1ea45d0_fk_restauran; Type: FK CONSTRAINT; Schema: public; Owner: begati
--

ALTER TABLE ONLY public.restaurant_menuitem_category
    ADD CONSTRAINT restaurant_menuitem__menuitem_id_d1ea45d0_fk_restauran FOREIGN KEY (menuitem_id) REFERENCES public.restaurant_menuitem(menu_item_id) DEFERRABLE INITIALLY DEFERRED;


--
-- Name: restaurant_menuitem restaurant_menuitem_menu_id_94bfdfc4_fk_restaurant_menu_id; Type: FK CONSTRAINT; Schema: public; Owner: begati
--

ALTER TABLE ONLY public.restaurant_menuitem
    ADD CONSTRAINT restaurant_menuitem_menu_id_94bfdfc4_fk_restaurant_menu_id FOREIGN KEY (menu_id) REFERENCES public.restaurant_menu(id) DEFERRABLE INITIALLY DEFERRED;


--
-- Name: restaurant_menuitem restaurant_menuitem_primary_category_id_408606da_fk_restauran; Type: FK CONSTRAINT; Schema: public; Owner: begati
--

ALTER TABLE ONLY public.restaurant_menuitem
    ADD CONSTRAINT restaurant_menuitem_primary_category_id_408606da_fk_restauran FOREIGN KEY (primary_category_id) REFERENCES public.restaurant_category(id) DEFERRABLE INITIALLY DEFERRED;


--
-- Name: restaurant_menuitem restaurant_menuitem_restaurant_id_82a12fb5_fk_restauran; Type: FK CONSTRAINT; Schema: public; Owner: begati
--

ALTER TABLE ONLY public.restaurant_menuitem
    ADD CONSTRAINT restaurant_menuitem_restaurant_id_82a12fb5_fk_restauran FOREIGN KEY (restaurant_id) REFERENCES public.restaurant_restaurant(id) DEFERRABLE INITIALLY DEFERRED;


--
-- Name: restaurant_order restaurant_order_delivery_person_id_69d3ae8b_fk_delivery_; Type: FK CONSTRAINT; Schema: public; Owner: begati
--

ALTER TABLE ONLY public.restaurant_order
    ADD CONSTRAINT restaurant_order_delivery_person_id_69d3ae8b_fk_delivery_ FOREIGN KEY (delivery_person_id) REFERENCES public.delivery_deliveryperson(id) DEFERRABLE INITIALLY DEFERRED;


--
-- Name: restaurant_order_items restaurant_order_ite_menuitem_id_cb3a21a0_fk_restauran; Type: FK CONSTRAINT; Schema: public; Owner: begati
--

ALTER TABLE ONLY public.restaurant_order_items
    ADD CONSTRAINT restaurant_order_ite_menuitem_id_cb3a21a0_fk_restauran FOREIGN KEY (menuitem_id) REFERENCES public.restaurant_menuitem(menu_item_id) DEFERRABLE INITIALLY DEFERRED;


--
-- Name: restaurant_order_items restaurant_order_items_order_id_793d45fe_fk_restaurant_order_id; Type: FK CONSTRAINT; Schema: public; Owner: begati
--

ALTER TABLE ONLY public.restaurant_order_items
    ADD CONSTRAINT restaurant_order_items_order_id_793d45fe_fk_restaurant_order_id FOREIGN KEY (order_id) REFERENCES public.restaurant_order(id) DEFERRABLE INITIALLY DEFERRED;


--
-- Name: restaurant_order restaurant_order_restaurant_id_4bd20e00_fk_restauran; Type: FK CONSTRAINT; Schema: public; Owner: begati
--

ALTER TABLE ONLY public.restaurant_order
    ADD CONSTRAINT restaurant_order_restaurant_id_4bd20e00_fk_restauran FOREIGN KEY (restaurant_id) REFERENCES public.restaurant_restaurant(id) DEFERRABLE INITIALLY DEFERRED;


--
-- Name: restaurant_order restaurant_order_user_id_7ea310d4_fk_user_user_id; Type: FK CONSTRAINT; Schema: public; Owner: begati
--

ALTER TABLE ONLY public.restaurant_order
    ADD CONSTRAINT restaurant_order_user_id_7ea310d4_fk_user_user_id FOREIGN KEY (user_id) REFERENCES public.user_user(id) DEFERRABLE INITIALLY DEFERRED;


--
-- Name: restaurant_restaurant restaurant_restauran_address_id_874b3688_fk_restauran; Type: FK CONSTRAINT; Schema: public; Owner: begati
--

ALTER TABLE ONLY public.restaurant_restaurant
    ADD CONSTRAINT restaurant_restauran_address_id_874b3688_fk_restauran FOREIGN KEY (address_id) REFERENCES public.restaurant_restaurantaddress(id) DEFERRABLE INITIALLY DEFERRED;


--
-- Name: restaurant_restaurantanalysis restaurant_restauran_restaurant_id_19643159_fk_restauran; Type: FK CONSTRAINT; Schema: public; Owner: begati
--

ALTER TABLE ONLY public.restaurant_restaurantanalysis
    ADD CONSTRAINT restaurant_restauran_restaurant_id_19643159_fk_restauran FOREIGN KEY (restaurant_id) REFERENCES public.restaurant_restaurant(id) DEFERRABLE INITIALLY DEFERRED;


--
-- Name: restaurant_restaurantaddress restaurant_restauran_restaurant_related_i_d643f3d2_fk_restauran; Type: FK CONSTRAINT; Schema: public; Owner: begati
--

ALTER TABLE ONLY public.restaurant_restaurantaddress
    ADD CONSTRAINT restaurant_restauran_restaurant_related_i_d643f3d2_fk_restauran FOREIGN KEY (restaurant_related_id) REFERENCES public.restaurant_restaurant(id) DEFERRABLE INITIALLY DEFERRED;


--
-- Name: restaurant_restaurant restaurant_restaurant_owner_id_353b5692_fk_user_user_id; Type: FK CONSTRAINT; Schema: public; Owner: begati
--

ALTER TABLE ONLY public.restaurant_restaurant
    ADD CONSTRAINT restaurant_restaurant_owner_id_353b5692_fk_user_user_id FOREIGN KEY (owner_id) REFERENCES public.user_user(id) DEFERRABLE INITIALLY DEFERRED;


--
-- Name: restaurant_review restaurant_review_restaurant_id_17f6ac65_fk_restauran; Type: FK CONSTRAINT; Schema: public; Owner: begati
--

ALTER TABLE ONLY public.restaurant_review
    ADD CONSTRAINT restaurant_review_restaurant_id_17f6ac65_fk_restauran FOREIGN KEY (restaurant_id) REFERENCES public.restaurant_restaurant(id) DEFERRABLE INITIALLY DEFERRED;


--
-- Name: restaurant_review restaurant_review_user_id_3b4142be_fk_user_user_id; Type: FK CONSTRAINT; Schema: public; Owner: begati
--

ALTER TABLE ONLY public.restaurant_review
    ADD CONSTRAINT restaurant_review_user_id_3b4142be_fk_user_user_id FOREIGN KEY (user_id) REFERENCES public.user_user(id) DEFERRABLE INITIALLY DEFERRED;


--
-- Name: user_user_groups user_user_groups_group_id_c57f13c0_fk_auth_group_id; Type: FK CONSTRAINT; Schema: public; Owner: begati
--

ALTER TABLE ONLY public.user_user_groups
    ADD CONSTRAINT user_user_groups_group_id_c57f13c0_fk_auth_group_id FOREIGN KEY (group_id) REFERENCES public.auth_group(id) DEFERRABLE INITIALLY DEFERRED;


--
-- Name: user_user_groups user_user_groups_user_id_13f9a20d_fk_user_user_id; Type: FK CONSTRAINT; Schema: public; Owner: begati
--

ALTER TABLE ONLY public.user_user_groups
    ADD CONSTRAINT user_user_groups_user_id_13f9a20d_fk_user_user_id FOREIGN KEY (user_id) REFERENCES public.user_user(id) DEFERRABLE INITIALLY DEFERRED;


--
-- Name: user_user_user_permissions user_user_user_permi_permission_id_ce49d4de_fk_auth_perm; Type: FK CONSTRAINT; Schema: public; Owner: begati
--

ALTER TABLE ONLY public.user_user_user_permissions
    ADD CONSTRAINT user_user_user_permi_permission_id_ce49d4de_fk_auth_perm FOREIGN KEY (permission_id) REFERENCES public.auth_permission(id) DEFERRABLE INITIALLY DEFERRED;


--
-- Name: user_user_user_permissions user_user_user_permissions_user_id_31782f58_fk_user_user_id; Type: FK CONSTRAINT; Schema: public; Owner: begati
--

ALTER TABLE ONLY public.user_user_user_permissions
    ADD CONSTRAINT user_user_user_permissions_user_id_31782f58_fk_user_user_id FOREIGN KEY (user_id) REFERENCES public.user_user(id) DEFERRABLE INITIALLY DEFERRED;


--
-- PostgreSQL database dump complete
--

